bigram,count,sem,mean,std,skew,kurtosis
ab,2174,0.00469209661114,0.226276908516,0.21877450789,12.4621703597,306.160972956
ac,2547,0.00341331529365,0.260614448192,0.172262552911,5.14633124705,45.5178337693
ad,2765,0.0039122929844,0.264488969259,0.205721147757,5.09824733147,45.3788224785
ae,488,0.0145870848887,0.390153688525,0.322239237568,3.6331444956,17.24084866
af,905,0.0060635784676,0.261814364641,0.182411952373,4.15498184321,29.9019262986
ag,1100,0.00720263755219,0.283161817611,0.238884462615,3.7867057539,20.8267889055
ah,272,0.0135063390306,0.21791544131,0.222752249755,2.27585995304,6.48009166405
ai,2055,0.00432035622733,0.192592700674,0.195850854347,7.10992112129,79.3006487111
aj,69,0.0360253945891,0.262971015018,0.299249402365,4.02865339909,20.922462606
ak,1196,0.00495174207962,0.205035116502,0.171247249757,3.09592422798,12.4968897413
al,6045,0.00203017247054,0.18327692302,0.157845093597,5.60366951165,55.7466354372
am,2093,0.00462050701271,0.196937411251,0.211385039724,6.24593951864,57.364220877
an,12542,0.00163552594197,0.170323871679,0.183164302009,13.964652336,430.250623281
ao,107,0.02473766923,0.302495327103,0.255888440235,1.87000488519,3.11061418056
ap,1068,0.00579078035163,0.233272472817,0.189244261214,4.81943765973,40.2693842291
ar,5758,0.00229891022015,0.205982980656,0.174444724934,5.97046102475,64.5717025821
as,9839,0.00160936622942,0.199312328355,0.159635826175,7.05810617073,94.3234987545
at,11517,0.00169305693284,0.188306416629,0.181694276067,13.5897804709,475.125763158
au,1576,0.00544617483857,0.235413705345,0.216206967757,4.87886769217,38.4444970009
av,1970,0.00418271587202,0.211200000232,0.185648514053,8.28227367648,144.53501212
aw,439,0.0119465613395,0.299849658314,0.250308257796,5.48472889157,50.9913650606
ax,90,0.0272092874822,0.387277777778,0.258129965862,3.45405763016,16.7688773307
ay,2994,0.00280491303837,0.187130928088,0.153477705989,5.12133186323,53.3065783913
az,156,0.0255251541527,0.428974358974,0.318809073184,4.17905826012,29.4997089599
ba,3259,0.00189646305832,0.159640073769,0.108264622924,5.73845828054,55.3271822313
bb,58,0.0254518677675,0.218327586207,0.193835650038,3.61049908149,13.5920864269
be,3753,0.00278064621355,0.173176658885,0.170347207487,32.0626687439,1531.67866987
bi,1188,0.00443701754475,0.219171717087,0.152932351498,3.78103670265,26.9044161186
bl,1097,0.00559563688047,0.231834093063,0.185333034971,6.01316143055,70.7352027348
bm,39,0.0303090440887,0.332487179487,0.189279919667,2.47268843939,9.36738508272
bo,2067,0.00339054494521,0.199434929983,0.154148656555,7.08192040502,119.639524492
br,632,0.00883927699436,0.254545886076,0.222215977911,8.88582910446,126.002850427
bs,177,0.0306839645448,0.314016949153,0.4082235973,6.13425154137,45.2333245022
bt,72,0.0348818184685,0.339402777778,0.295982044551,3.6116436996,14.5814981947
bu,1928,0.00443862546497,0.200690871459,0.194895591339,14.2132593418,354.942939833
by,1530,0.00378952141535,0.213669280829,0.148227942753,6.28989893026,78.9661696616
ca,3668,0.00246452187703,0.187553708559,0.1492613417,9.32070738681,161.813198577
cc,468,0.00840364967902,0.186933760684,0.181798738913,10.7188228318,134.488149132
ce,2770,0.00269765239393,0.195719494544,0.141979575202,10.3276310444,207.450574241
ch,2861,0.00287125709682,0.166274729313,0.153578708294,8.82956504835,160.583384739
ci,1402,0.00472010695094,0.202695435093,0.176736335537,4.86147685953,33.6078770898
ck,1254,0.00560951815206,0.200744816766,0.198643485039,4.83613934218,39.5676877561
cl,544,0.0176594404494,0.187145223365,0.411885391001,20.1827673238,441.860281739
cn,53,0.0305619061652,0.319415087934,0.222494035308,1.65171046858,2.87229758329
co,3110,0.00231062257814,0.162784244464,0.128857353429,5.27289712243,54.1926146649
cr,499,0.00470732679003,0.25230260521,0.105153715239,2.75761113382,11.0230211089
ct,1080,0.00523824180627,0.253500925926,0.172146191938,7.91657757813,101.502037446
cu,851,0.00530968344951,0.200773207491,0.154893577408,3.86604246938,25.171683973
cy,79,0.0213664373427,0.268164556962,0.189909049107,2.53247508497,7.86808254517
da,1880,0.00629951177706,0.191438298131,0.273140321855,24.0391465453,785.390860174
dd,266,0.0185785893005,0.222003759915,0.303007621662,6.10696406468,40.337683536
de,2697,0.00297803531635,0.211141639048,0.154657261872,17.7137569082,523.098391641
df,113,0.0410119513219,0.176973454636,0.435963022617,7.24572759728,57.6719927197
dg,77,0.0297833865596,0.265272727273,0.261348156396,3.708110946,18.8043726702
dh,80,0.0357778974094,0.22015,0.320007242798,4.31513101565,23.5436888757
di,1870,0.00542162701831,0.18221176433,0.234450109646,18.1011263327,464.31907083
dj,48,0.0270645159329,0.125979166667,0.187508466712,4.84870313938,26.8275657639
dk,54,0.0280821355295,0.132555555556,0.206360708805,4.39682189198,21.6775439711
dl,144,0.0216489908372,0.2428125,0.259787890046,6.63633969368,58.5580956026
dn,309,0.0180492260306,0.268042071197,0.317276439613,3.64749112752,17.5315944955
do,2027,0.00511927091386,0.161801183226,0.230480924624,24.8763430538,863.661991922
dr,535,0.00425357183681,0.232902803995,0.0983854016277,2.70502555462,11.5694538498
ds,1407,0.00549144114342,0.223367448472,0.20598394997,4.37839444096,28.1442568946
du,300,0.0110134989568,0.206126666667,0.190759397623,5.88201867568,52.7361435994
dv,71,0.0173699087582,0.315802816901,0.146361452743,0.96244236318,0.754483704086
dy,307,0.00939106239461,0.233986972026,0.164544705901,2.14314372026,5.63871802299
ea,7550,0.00186860226631,0.210929404087,0.162364226183,6.3140377391,81.5187844648
eb,206,0.0171313650773,0.307601941748,0.245881345162,3.5079395657,19.5943989872
ec,2237,0.00453407668233,0.283281627179,0.214447927234,13.1154277001,294.787696426
ed,6624,0.00159777734932,0.230124698039,0.130039838672,7.59194206176,97.186623693
ee,3533,0.00282616107634,0.191364845465,0.167984313718,14.3174430717,286.452049872
ef,862,0.00992793041422,0.296990719258,0.291482413862,7.6927807521,93.915821579
eg,371,0.011706144449,0.316929919137,0.225476265773,3.18163782522,14.7281733799
eh,238,0.0232864889766,0.262588235294,0.359246454942,5.60325928779,49.4499903795
ei,692,0.00863928915443,0.233169074717,0.227264215021,3.85026583645,20.0688941762
ek,793,0.00684128940529,0.220612862502,0.192652458838,3.20304395467,13.7660255597
el,4782,0.00401100370015,0.245460267218,0.277368953858,8.27475074324,117.759807416
em,1619,0.00665480165257,0.243475602505,0.267767916995,7.76752250361,117.224856944
en,7202,0.00201540355943,0.191505137351,0.171036412953,5.94949698512,58.1657471874
eo,414,0.0147250917408,0.241070048309,0.299611293654,4.69714490227,27.8658087303
ep,610,0.0133410041234,0.265231147341,0.329498495478,10.6254651717,169.935509869
eq,64,0.0455984351599,0.391328125,0.364787481279,4.33150954881,23.082066385
er,10479,0.0013763114663,0.148411203366,0.140888857794,16.5477791859,549.860946441
es,5600,0.00306612220691,0.259612857115,0.229447576085,9.97681581297,183.609563547
et,3468,0.00361915694156,0.211712226023,0.213131165914,11.8280545772,229.492890448
ev,1364,0.00867384338875,0.268310117213,0.320345598779,14.5871474159,312.169029057
ew,1173,0.00781409930432,0.265520886616,0.267625771425,4.37093916713,31.5413095954
ex,732,0.00741945258738,0.340558743169,0.200736988474,3.14670649708,13.8127343901
ey,1321,0.00534176837713,0.190442846307,0.194149582772,5.85655978647,53.4612484838
fa,1315,0.00302481241644,0.164860836502,0.109688557076,5.49275859359,50.5358119191
fd,53,0.0233124395113,0.14141509434,0.169717121429,2.06405770409,4.40978431718
fe,2187,0.00313693465527,0.190832190391,0.14669991548,9.82520636365,170.61967908
ff,672,0.00526232292116,0.179282738095,0.136415001293,10.9933336721,150.911378165
fg,55,0.0229836814123,0.126290909091,0.170451543318,2.90572150385,8.81330598579
fh,119,0.021479629401,0.0987478991597,0.234315093464,5.5213534562,33.0695247384
fi,1378,0.00328283146822,0.168661102624,0.121863373556,3.34133329143,16.4995787645
fj,67,0.00711595692247,0.0775970149254,0.0582466177199,0.847534058086,-0.138915942429
fk,61,0.00900947523955,0.094606557377,0.0703662510698,1.37730940045,2.06069719554
fl,334,0.00943058033434,0.209356287425,0.172350144699,3.50920606201,20.6400284041
fo,2479,0.00224248368006,0.15800484114,0.111652269319,4.40327625123,35.4458213233
fr,1632,0.00344711457341,0.219655637247,0.139256602629,5.74589928408,47.8197305525
fs,55,0.0330087988567,0.207981818182,0.244799804142,6.03748926125,39.1760781189
ft,1010,0.00387260091709,0.23686039604,0.123073182463,6.96431941352,73.9556972272
fu,1089,0.00569029864975,0.206170798898,0.187779855442,6.64869998191,68.5252180994
fw,36,0.0221939840427,0.226055555556,0.133163904256,1.20065358836,1.27760159289
fy,37,0.0320113904886,0.256540540541,0.194717686607,1.0745986459,0.597123755609
ga,957,0.00562860514042,0.197240334243,0.174123244876,6.33122923735,58.7195785835
ge,2097,0.0028360223255,0.173911302223,0.129870005993,7.29287982261,86.8340645659
gf,39,0.0326335138548,0.156307692308,0.203796228704,1.89859040164,2.71293905558
gg,112,0.0158851630753,0.2018125,0.168112764132,4.11209201649,17.477122391
gh,2176,0.00413125887434,0.145521599225,0.192713374091,19.3825444213,521.1546914
gi,613,0.00720990391249,0.201138662316,0.178508834358,5.10482977833,38.8479992188
gj,32,0.0209439949904,0.14259375,0.118477127063,1.2261706806,1.44128014959
gl,163,0.0115994742391,0.201404907975,0.148092173418,4.25028964459,28.9487906565
gn,190,0.0196030174302,0.252089473684,0.270208947946,2.56818401691,8.10740247177
go,2466,0.00324424817887,0.168657745781,0.16110558849,11.8139867363,258.640563562
gr,1444,0.00297464926887,0.22892313108,0.113036672217,3.30918464118,16.8919530358
gs,334,0.0144545208828,0.271508982036,0.264166008599,5.84356544341,50.3842258119
gt,97,0.0338205527842,0.295226804124,0.333093815149,6.49744764,51.4503379774
gu,412,0.00713347894638,0.186468448727,0.144793808617,4.47277448367,32.631904003
gy,91,0.0151369749922,0.212131868132,0.144397538359,2.96877413253,12.7457722838
ha,8405,0.0013557055377,0.135169065764,0.12428943933,12.9451733239,326.488197815
hd,111,0.0311992650796,0.258603606078,0.328704654222,3.44347984776,13.2663697405
he,21317,0.000904499822219,0.138938452925,0.13206007161,13.6737299065,360.752352164
hf,98,0.0282131833529,0.157683673469,0.279296265748,4.05375419527,17.5690454856
hg,74,0.0342374549374,0.148094594595,0.294521723687,4.91393187161,27.4585437416
hi,6283,0.00225250445525,0.185470953811,0.178545614968,9.31675421884,143.185226678
hj,59,0.0164867418818,0.11213559322,0.126637067302,2.77026690765,12.3942019993
hl,77,0.02763948414,0.386480519481,0.242535489014,2.48624341779,8.02134757519
hn,147,0.0199877301333,0.26687755102,0.242338348832,3.80115840775,16.989017942
ho,5080,0.00232594110737,0.207576968521,0.165779402634,7.43789297689,109.734942777
hp,31,0.0367244768626,0.28164516129,0.204473233519,1.63570565955,2.52243725869
hr,432,0.00948912091914,0.238361111765,0.197227674613,4.37130028184,28.9566308359
hs,190,0.0103738975214,0.212394736842,0.142994309184,1.42784372934,2.27214963287
ht,1860,0.00549888898416,0.160409140026,0.237154529604,22.782165916,684.385915881
hu,1045,0.0068216099601,0.243323444465,0.220518499809,10.9843021315,208.026543917
hy,201,0.00968962705024,0.23996517561,0.13737417278,2.55079369592,12.1720599517
ia,1074,0.00545589296412,0.190245811086,0.178800192591,10.5464724353,182.405417271
ib,229,0.0191511176006,0.308209605696,0.289808997317,7.28789973944,76.8435552971
ic,2218,0.00412386246114,0.220431018972,0.19421597222,4.51620973262,33.018930307
id,2011,0.00419457994144,0.202659373764,0.188102475475,5.32705218327,52.397186394
ie,1781,0.00395598928669,0.193442447872,0.166950247236,4.39482552151,28.5770868798
if,1371,0.00596046363557,0.251482859059,0.220698189334,4.47199541996,35.3235119004
ig,1263,0.0068867246943,0.23168329397,0.24474532063,9.42143054662,155.169615295
ik,1225,0.00437802430336,0.21406530562,0.153230850618,11.9639955061,215.32991159
il,2490,0.00308057979255,0.23120281189,0.153720622973,9.80855801409,156.711569106
im,2938,0.00356490438888,0.228605854335,0.193229656681,8.07679347987,105.746406971
in,12823,0.00105947253324,0.18167371129,0.119973277484,6.5870081501,77.6485160587
io,1413,0.0036518991131,0.153103326692,0.1372744942,10.1844384672,177.24236223
ip,337,0.00834232124108,0.242270028066,0.153144660642,3.6765456932,22.3200954091
ir,2235,0.00330121103797,0.19995973114,0.1560673486,4.28125758765,32.1844373698
is,8226,0.00173567876759,0.169269632849,0.157421375713,8.04801881485,105.630452988
it,7147,0.00208445553025,0.201050370746,0.17621972752,7.81595452362,101.963787576
iu,151,0.0160651929727,0.129397351903,0.1974123963,3.62426603681,18.1740628002
iv,852,0.00795681730616,0.270964789021,0.232251850973,6.96703275041,95.8835621819
ix,107,0.0166799714637,0.309943925234,0.172538966437,1.17642792431,1.80423309762
iy,34,0.0441466120009,0.298,0.257416770898,1.43572136587,1.11231030792
iz,229,0.0197782704641,0.335497816594,0.299299542272,2.62497471411,10.4989079708
ja,285,0.00598247614295,0.18825614015,0.100995821341,3.15035518481,14.0379840749
jd,53,0.0109319575121,0.108471698113,0.079585851993,1.16841848662,2.18528574912
je,283,0.00661027725677,0.177692579505,0.111202075571,2.36915114927,8.50697976789
jf,82,0.0153644615999,0.141036585366,0.139131117227,2.4645690844,8.19506251153
jh,62,0.0101174306712,0.0989193537005,0.0796647287697,0.511863971544,-0.972322170363
ji,55,0.0309489028611,0.251363636364,0.229523206576,3.09613993858,9.90399264128
jj,30,0.0195041050793,0.1762,0.106828383159,3.18756313815,9.02022422684
jk,47,0.0166288774081,0.0895957475622,0.114001839902,1.65710461853,2.40284344439
jo,488,0.00609159018045,0.21445491654,0.134567625424,4.14866710726,27.895621967
js,69,0.0180272898206,0.148884057971,0.149745915807,3.45171755224,15.2328022157
ju,632,0.00800683305591,0.212800632619,0.201288661801,9.88442688083,114.663711708
ka,172,0.0106752816073,0.180587210023,0.140005005739,4.6104149828,28.5446137471
kd,74,0.0300448078303,0.182797297787,0.258455209542,5.93076218391,41.492134521
ke,3387,0.0026502464759,0.164475642169,0.154238880375,9.84398670913,194.896303617
kf,140,0.0190301920225,0.246078571429,0.225168268586,2.11774752532,7.96388329525
kh,35,0.0353635877328,0.206371428571,0.209213806444,2.68719492423,8.41885868234
ki,1023,0.00400113395304,0.212501465662,0.127973753509,7.62506916564,75.6702266291
kj,69,0.0109447767969,0.07536231486,0.0909141441157,2.37175426524,7.07866246335
kn,512,0.00675678754366,0.183890625,0.152888649317,5.87784609386,47.4830904771
kr,48,0.0296706767687,0.312604166667,0.205564478634,1.61783043814,2.86704383463
ks,483,0.00994810133325,0.205973080866,0.218632019215,8.3323718325,107.463861991
ky,85,0.0205385733171,0.327870588235,0.189356289787,3.31447583809,13.9619094359
la,2568,0.0046100266596,0.172339564468,0.233615119417,20.8248659138,639.790520018
lc,53,0.0218494958984,0.314924528302,0.159066731166,1.24190553506,2.76846973905
ld,1407,0.00405358068366,0.175619757684,0.152049806041,5.72233086899,59.2875747009
le,4191,0.00199615829494,0.164749224547,0.129227162432,5.48799080703,55.4081769141
lf,285,0.0186568538827,0.258164912281,0.314963944109,6.556097473,60.9956427936
li,3844,0.00269667196281,0.19907232037,0.167193661694,12.0355264613,236.007893057
lk,343,0.0100507202807,0.196419825835,0.186141944518,3.54359185867,18.8937478457
ll,5370,0.00106153787901,0.162912476526,0.0777897970835,11.5432768827,201.778111444
lm,153,0.0192488338428,0.322575163212,0.238094925311,4.05955345308,26.4820681877
ln,34,0.045406491848,0.397823529412,0.264763069679,2.06641256789,4.66393549448
lo,2231,0.00246155528029,0.214691169236,0.116267779551,7.93263678786,93.063354229
lp,160,0.0113282818336,0.243900005472,0.143292690281,3.26578026186,16.3062701534
lr,72,0.0220053520474,0.258833335241,0.186721603862,1.82407142283,3.56957268067
ls,1028,0.00775800955926,0.223105058366,0.248740708905,6.72276529408,73.5516052596
lt,395,0.0112231178913,0.273546835095,0.223055056444,2.95444786382,11.6878989902
lu,435,0.00636592512393,0.256388506282,0.132771895246,2.28784107818,7.9843289571
lv,88,0.0282794772616,0.340977272727,0.265285011655,2.11752064422,6.11467712962
lw,172,0.0471513068554,0.348360465116,0.61838359209,7.71731104393,71.4638796888
ly,2775,0.00295458159291,0.231541981982,0.155642243237,4.60858868005,39.3865170111
ma,2313,0.00247364972722,0.164411154483,0.118966865541,5.99808327662,57.5500600821
mb,305,0.0144740295874,0.319327868852,0.252778059593,4.18290816567,31.8156116324
me,5045,0.00182637921944,0.150583547904,0.129724361681,9.22054842667,183.793996464
mi,1738,0.00331399693195,0.214266398425,0.138158302341,7.98171592275,108.946725295
mm,310,0.0190601697229,0.216609676909,0.335588917663,9.51151682166,104.431246014
mn,73,0.0253065296034,0.208575342466,0.216219083712,2.54814485313,9.94880456279
mo,2939,0.0041619772617,0.202698877529,0.225631378231,24.1334962006,815.293925813
mp,538,0.00808354152167,0.254221189591,0.187496347219,5.03040248675,38.0591795286
ms,602,0.00841354935683,0.244299002758,0.206432224455,3.94519852024,24.2361341396
mu,583,0.00467154378197,0.252761578045,0.11279626023,7.39809481981,92.6166254733
my,2558,0.00348172329357,0.268674745726,0.176093985598,6.09981122902,62.8009214427
na,1323,0.00558935080977,0.171113378843,0.203301831261,16.9925897647,435.685337059
nb,59,0.0318147057988,0.208457630513,0.244373392166,1.58754264438,2.37153879097
nc,1383,0.00473626668332,0.220438900732,0.176135638524,4.2186674727,29.31105271
nd,10519,0.00166919663903,0.169789048387,0.171196439912,7.68320769434,112.644424396
ne,4136,0.0035669562215,0.183652321235,0.229397163831,21.5274399564,799.669112389
nf,265,0.0174710503012,0.2862,0.284408093479,4.74939309328,28.4241322648
ng,6519,0.00196014878518,0.170320601319,0.15826304898,7.95456283783,138.574666714
nh,62,0.0360129856912,0.380387097359,0.283566532899,1.78592901719,3.9492189995
ni,1722,0.0076349898835,0.223373402333,0.316829082373,14.4651526955,261.72875865
nj,150,0.0189383399263,0.369113333333,0.231946346974,1.66896859933,3.89642003337
nk,731,0.00629937729013,0.201021887037,0.170316337302,6.13519869353,63.2280826281
nl,296,0.0159954750869,0.254885135135,0.275196558996,6.6902919962,57.7379781397
nm,112,0.0275021029445,0.301767857143,0.291054899689,2.98536904769,12.460618139
nn,719,0.00644819556313,0.182461751179,0.172903046557,9.20527627061,112.859678613
no,3752,0.00217987282537,0.196083688935,0.133524995587,6.29615964879,96.8337207518
nr,50,0.0225060026189,0.285900005493,0.159141470692,0.810269003709,0.346219357387
ns,1068,0.00744863825274,0.255732209468,0.243423503845,4.29311016925,27.2131325189
nt,4677,0.00311775716962,0.200138122782,0.213219034067,12.0140851665,246.241771949
nu,359,0.0104053315573,0.24750696238,0.197152889935,5.61349427523,42.9195318632
nv,131,0.0226182437971,0.32358778626,0.258877632817,3.9670894556,20.5807250461
ny,757,0.00580316518692,0.255825627477,0.159666157101,9.17368480843,146.319604609
oa,300,0.030362381711,0.267789999542,0.525891877622,8.29593090958,78.8354858448
ob,424,0.0208689425683,0.356011793393,0.429717828233,11.3355174468,175.676546089
oc,480,0.0102249166174,0.265339583333,0.224016699198,4.87525518319,44.8128506064
od,1521,0.00505587019311,0.220873108663,0.197178937531,3.39765093265,15.7324249304
oe,449,0.0149014454564,0.238832962062,0.315755968169,7.56976977506,78.8610331099
of,3687,0.002817148096,0.180626254407,0.171059125324,7.13014350473,87.9934778164
og,380,0.0156651914766,0.332134210014,0.305370799389,3.52047732338,18.7018496556
oh,180,0.0291116540428,0.313622222625,0.390573824262,6.8396964404,63.57035769
oi,996,0.00523582082187,0.165536143964,0.165239717986,5.98659890212,54.5115382661
oj,107,0.0282368941011,0.407813084112,0.292084703754,1.21531774754,1.52726373229
ok,915,0.00554116627847,0.233970492341,0.167614555481,4.18242341556,25.2459530325
ol,1489,0.00495388563715,0.240775688837,0.191158372945,7.55052842691,77.663889649
om,3090,0.00286710192254,0.21211909387,0.15937579776,5.66574745649,56.5433348583
on,7100,0.0016281476787,0.197629014342,0.137190161936,6.11531654632,70.488839528
oo,2878,0.00284775253852,0.177222029179,0.15277336427,13.8681804723,302.190924374
op,1392,0.00383760669895,0.199494252897,0.143179249351,5.05406141618,41.9326663397
or,6628,0.00205103917124,0.180373868216,0.166980287543,7.48506171619,120.779878581
os,1305,0.00456957975642,0.202023755555,0.165075080467,4.17078464717,28.4608252317
ot,4214,0.00225524903297,0.184279781619,0.146400234008,5.12776139447,48.6993002368
ou,9369,0.0012490172289,0.157771800599,0.120896867589,5.99039205834,66.6162718635
ov,1248,0.00579165522249,0.245439101968,0.204602055781,3.68370336185,23.4558693125
ow,2510,0.00340220977089,0.199043027339,0.170450369979,3.48843861557,19.5495207189
ox,38,0.0171999028684,0.252131578947,0.106027322091,0.866436624127,0.0172128631145
oy,307,0.0111200060788,0.28031596103,0.194838246512,3.33355717052,16.5325535864
pa,1631,0.00361410977005,0.168843654311,0.145958139753,4.81658375478,31.4594853348
pe,2680,0.00269284445753,0.186440671505,0.139405101091,4.37989000131,30.2176020991
ph,165,0.0164312867568,0.299848484848,0.211063699958,2.67886909508,9.80773496803
pi,695,0.00719973023989,0.259041727848,0.189805427455,4.56317529683,27.2146912265
pl,1660,0.00265036730381,0.202859035975,0.107984173669,6.48756059241,91.4527565626
pm,75,0.0302705722765,0.30496,0.262150845785,3.70766603522,14.9807522231
po,1252,0.00389523207413,0.211681309159,0.137827380462,5.22473930014,57.3342071078
pp,575,0.00454931326383,0.174492172822,0.109088699801,8.58191328541,107.455332246
pr,1121,0.00452381664984,0.191644959857,0.15146343469,4.09822489452,27.0766645991
ps,243,0.0106202716281,0.239370369687,0.165553650451,3.22617439713,14.6304699812
pt,307,0.0132980252144,0.288771986971,0.233000224684,3.70373205751,22.3633854582
pu,359,0.0133535010154,0.259220055928,0.253012727314,8.09832476525,91.3058537092
py,108,0.0220946525906,0.292490741412,0.229614365175,4.00785521628,22.7698382114
qu,370,0.00701836585153,0.201356756757,0.135000962639,3.7617511144,25.5222988441
ra,2173,0.00466588701693,0.224265531397,0.217502414,10.6596306678,212.500183741
rb,76,0.0368900098331,0.403342105263,0.321599649777,3.02022601322,11.9426184783
rc,526,0.0125662356986,0.36430608365,0.288202718736,6.78394568236,68.2356938025
rd,1811,0.00456583790838,0.290797349894,0.194303093346,4.64240423114,35.7478759567
re,10826,0.00129006768999,0.156848882102,0.134229047915,7.86054930729,112.335391124
rf,183,0.0262934739973,0.30781420765,0.35569152337,6.36956578451,50.8583340822
rg,243,0.0200762596396,0.365320987654,0.312957915496,3.9133891159,21.339699183
ri,3075,0.00321360093343,0.209906341314,0.178202792346,4.89133959794,39.6480644482
rk,845,0.0099818191444,0.235700592957,0.290160339898,11.4640471081,207.692738309
rl,541,0.0103593668899,0.250491683047,0.240952727639,4.62145297091,32.6565708641
rm,440,0.0131172230271,0.27821818213,0.275149191485,3.76553717423,19.1549207463
rn,1012,0.00645230899139,0.239176877014,0.205260514508,4.33468910453,32.2461260157
ro,3252,0.00329510477427,0.176645448775,0.187907665409,10.4938639198,192.072485574
rp,116,0.017290151407,0.289413793103,0.186220629734,1.1962527501,0.79809078244
rr,561,0.00765442161218,0.20047237127,0.181298332843,7.40352696835,65.7102748081
rs,1797,0.00537204687626,0.273039510578,0.227726636761,7.65935751063,101.945998161
rt,1691,0.00428373456156,0.240014192886,0.176154749052,6.1858834307,57.5984709195
ru,591,0.00796383744724,0.219335026323,0.193604803065,4.31652701322,31.1778255291
rv,186,0.0147516220076,0.335876343389,0.201185301265,2.71605731146,8.94119450527
rw,437,0.00808207816708,0.318411899314,0.168952166417,1.98676712277,5.73866547707
ry,2116,0.00421304013693,0.20769565241,0.193799846299,5.74733976062,55.6534006631
sa,2029,0.00485570447881,0.225206012836,0.218722404167,8.29460001141,105.006075069
sc,890,0.00682897078383,0.286091011375,0.20372778247,4.4021117314,32.2689238008
se,8031,0.00232640372456,0.208039845627,0.208482639806,18.6840907161,614.446995857
sf,80,0.0286045246266,0.26075,0.255846646117,2.14396437109,4.92927854151
sh,2492,0.00407436954934,0.204302568372,0.203392266725,6.39163742834,72.5995571435
si,1850,0.00394533550849,0.196856757061,0.169695296658,4.85724651023,38.847530724
sj,77,0.0134524472061,0.120584415584,0.118044745157,1.51759966162,1.97638217494
sk,270,0.0112674953045,0.227285185002,0.185143840345,2.223871296,6.13140825021
sl,292,0.011871957404,0.23670890411,0.202868097049,3.1258935392,15.3699165506
sm,154,0.0159275701442,0.270305194805,0.197655947463,3.0700173949,15.1847963225
sn,289,0.0309043153783,0.289820069204,0.525373361431,12.3157704195,180.539187533
so,3667,0.00350786882325,0.18248759207,0.212421660569,15.8617487604,454.454271475
sp,1376,0.00860097811216,0.249867732558,0.319048758801,12.3163853428,234.674230415
sr,69,0.0302024063257,0.366652173913,0.250880029103,3.07514251364,11.5588542218
ss,2027,0.00559872350938,0.192214108863,0.252066943295,29.0131957458,1067.07103038
st,6191,0.00278330735079,0.22780746221,0.218998716018,8.36341514913,120.350064518
su,1960,0.00362446916615,0.20058622449,0.160462090237,3.80333416063,20.8634967322
sw,177,0.0241538078944,0.346790962661,0.32134551364,3.81307750319,18.3785558558
sy,217,0.0135415021132,0.243387096774,0.19947878245,3.22577964693,13.4398623107
ta,2704,0.00429410821749,0.204911242292,0.223293627309,12.2090262628,239.522991941
tc,389,0.0189388954763,0.328156811599,0.373533405955,9.45030597179,115.525715329
te,6338,0.00194722697637,0.183876301561,0.155021771324,7.81054310941,95.7362093316
tf,42,0.0473212817111,0.449976190476,0.306676956286,1.48922131597,1.75967847445
tg,49,0.0238986886061,0.200897959184,0.167290820243,0.994483385732,0.261838857169
th,25500,0.000933246306254,0.144153882428,0.149027484168,25.1164337848,1172.75624747
ti,4502,0.00303265944908,0.184842736533,0.203482183619,8.74715584771,129.001799012
tl,893,0.00816280982972,0.236178051512,0.243930108093,6.33703417207,61.8811273482
tm,79,0.0226978001633,0.287455696203,0.201742460697,1.73359892454,2.89929163826
tn,85,0.0209329904845,0.262494117647,0.192992636396,2.39396976151,8.05071954517
to,9833,0.00186249550455,0.151807586634,0.184687819028,20.0121493116,723.071072118
tr,1799,0.00421171383749,0.227682601373,0.178638242475,7.4491743873,93.5349670049
ts,1328,0.0105937728657,0.270771837453,0.386055456183,12.74375151,225.894682952
tt,1147,0.00572680528168,0.190002615484,0.193951939016,9.45470208736,122.774060785
tu,1707,0.0044480653645,0.211195664334,0.183775630392,8.42503674396,132.103349194
tv,113,0.0285263102694,0.351044247788,0.303238837663,5.72139097262,43.8512582409
tw,331,0.0172026033441,0.339589124697,0.312973936552,4.18645126024,24.8551405541
ty,1291,0.00581299338867,0.190573199099,0.208863691791,6.53136898399,60.0805215731
ua,567,0.00792067987559,0.195278659612,0.188605342488,6.51262279331,68.506237038
ub,201,0.0188743202522,0.314129353737,0.267589672748,3.54810577832,18.4940717011
uc,746,0.00922576959356,0.229949061662,0.251983450145,10.0379932141,160.444215454
ud,263,0.0108265299653,0.276216728747,0.17557681093,1.38131659807,1.48163523584
ue,536,0.00851588569816,0.218623134328,0.19715700785,3.95737914999,22.5981968608
uf,155,0.0154639396737,0.254225807805,0.192524496327,2.46357263703,9.48986148374
ug,1374,0.0046253837039,0.231558224016,0.17145143813,5.58639668011,74.4991457732
uh,52,0.0205268162567,0.227423076923,0.148020977071,1.42979938379,2.62033516201
ui,392,0.0104742431528,0.192474489363,0.207379434111,6.7241190681,67.5612349012
ul,1591,0.00498197472507,0.245859208582,0.198717726458,9.79141334884,159.697629373
um,873,0.00874005355958,0.281630011223,0.258238634065,9.5290291804,119.49736362
un,2936,0.00300343832223,0.250729564075,0.162740911248,7.16433094017,77.1019849641
uo,72,0.0206332309454,0.203624994861,0.175078770231,2.41961072969,8.61399964565
up,1429,0.00565246412244,0.234878236155,0.21367510638,9.08131612273,132.321326565
ur,3736,0.00266329062398,0.195742505396,0.162787852486,5.92164416985,76.8288296343
us,4318,0.00317994580301,0.179906669872,0.208958978819,16.5066980085,493.85453224
ut,4433,0.00209072791908,0.180762914567,0.139202291453,5.85728372542,62.9873024846
uy,209,0.0105409436059,0.179377992603,0.15238865394,2.05384996573,6.33772894906
va,385,0.0122011985566,0.185633766685,0.239404803198,12.4286368456,194.964174765
ve,5152,0.0019738213324,0.160192352648,0.141675829979,21.314706845,807.352483583
vi,1155,0.00422872951523,0.193578354803,0.143714602864,5.19635495709,52.473838296
vo,384,0.0155099125048,0.248104166329,0.303930972736,7.09473758017,68.438032991
vy,45,0.0110834119387,0.2292,0.0743497875524,0.05450942876,-0.0174803847416
wa,6543,0.00173786581291,0.202692343086,0.140573902023,17.5366062421,574.239707553
we,6319,0.00215790666232,0.21253536996,0.171536614141,10.6404256653,224.678646654
wh,2824,0.00340666199794,0.189482649004,0.181034518847,5.61893428673,51.4178198092
wi,2882,0.00268921214571,0.177010409293,0.144368369742,5.25413709544,49.4795585702
wn,415,0.00751415432213,0.209677108434,0.15307496137,3.73081738984,23.5256726277
wo,1777,0.00278005390738,0.158900393838,0.117191720768,3.42922539959,17.8490316348
wr,299,0.00904665966454,0.237685618755,0.156431369216,2.43431240527,10.1158672893
ws,326,0.0130665271436,0.313892638037,0.235922289959,4.8280017643,33.2817802724
wt,38,0.0464550352515,0.274368421053,0.286368069813,1.80770985427,3.34213525489
wu,33,0.0163686966082,0.101272727273,0.0940310031078,0.834053886025,-0.25225979558
wy,42,0.0338541053751,0.217976190476,0.219399678513,1.28724101205,0.884748285225
xa,53,0.0147947879958,0.230452830189,0.107707682398,1.52281096808,2.88084596645
xc,112,0.0152059111035,0.293357142857,0.160924236952,1.55939320686,2.90557081317
xe,85,0.0234969376745,0.278352941176,0.2166310615,4.9121848003,28.4644139363
xp,133,0.0161546152609,0.267744360902,0.186304111689,1.81963185147,3.57841944484
xt,355,0.00988045375737,0.25218028169,0.186162013016,5.84213937573,54.639226645
yb,118,0.0336489204547,0.311686440678,0.365520836666,7.89519197875,73.2890281152
ye,745,0.0117811188134,0.187126176757,0.321561963809,18.3344475489,413.735680389
yi,579,0.00951265877753,0.233297063818,0.228897579702,9.60775354421,124.149795011
yl,72,0.0172980289783,0.256458333333,0.1467786431,1.73350814452,3.22013074318
yn,46,0.0380492993476,0.359934782609,0.258062903802,3.57976191029,15.7094907915
yo,2561,0.0021575872143,0.167954315017,0.109187557011,4.8164073549,41.0246343492
yp,256,0.0150357833574,0.25111328125,0.240572533719,4.52061220337,29.9437837418
yr,58,0.0318395684649,0.178551724138,0.242482929217,4.6231853118,26.5963646951
ys,733,0.00821288513248,0.227785811891,0.222355428205,5.34370204994,43.2242515388
yt,215,0.0128238062612,0.231925581094,0.188033910533,2.07267735011,6.11547662436
yu,59,0.0260037647105,0.149372888339,0.199738706735,2.77897980345,9.60520898293
yw,126,0.0352540944732,0.351801587302,0.395726228999,4.94808240151,30.7397844292
yy,32,0.0330771929446,0.218062496841,0.18711285947,1.92835320186,2.97665737819
za,136,0.0134913081026,0.257948529412,0.15733433709,2.91281360892,11.7596197001
ze,171,0.0125107594938,0.296450292398,0.163599409022,3.61158656976,17.9609446752
zi,100,0.0187554216808,0.22204,0.187554216808,4.07989328319,20.3898563363
zy,63,0.022730962164,0.266603174603,0.180421418842,1.56582785752,1.58995897292
zz,88,0.00978208943492,0.206852272727,0.0917641328991,2.9902474232,9.87635533213
